,business_status,geometry,icon,icon_background_color,icon_mask_base_uri,name,opening_hours,photos,place_id,plus_code,rating,reference,scope,types,user_ratings_total,vicinity,price_level,permanently_closed,url
0,OPERATIONAL,"{'location': {'lat': 38.7130556, 'lng': -9.139999999999999}, 'viewport': {'northeast': {'lat': 38.71432533029151, 'lng': -9.138368819708496}, 'southwest': {'lat': 38.71162736970851, 'lng': -9.141066780291501}}}",https://maps.gstatic.com/mapfiles/place_api/icons/v1/png_71/lodging-71.png,#909CE1,https://maps.gstatic.com/mapfiles/place_api/icons/v2/hotel_pinlet,The Art Inn Lisbon,{'open_now': True},"[{'height': 2268, 'html_attributions': ['<a href=""https://maps.google.com/maps/contrib/102001593912672746127"">The Art Inn Lisbon</a>'], 'photo_reference': 'Aap_uEAnrWB3pReRDrpmzD0raiq-wFxxNOxONBeIEnFQt40PAQ-e6iLBmJI_VTvVYT7Y95NuL46jeBR4L-ILYTMd5gc76erVJPRTT9-W8SjfHHks1neXyXkw0luJLh3D18Q_D_ZlX0yT2eW66UT6XzA_HA8A-FI-MDFdbD2nOG0Jpzdn8sdc', 'width': 4032}]",ChIJITS6qng0GQ0RYMBD2MNlQwE,"{'compound_code': 'PV76+62 Lisbon, Portugal', 'global_code': '8CCGPV76+62'}",4.3,ChIJITS6qng0GQ0RYMBD2MNlQwE,GOOGLE,"['cafe', 'lodging', 'bar', 'restaurant', 'food', 'point_of_interest', 'clothing_store', 'store', 'establishment']",176,"Rua 1º de Dezembro 31, Lisboa",,,https://google.com/maps/place/?q=place_id:ChIJITS6qng0GQ0RYMBD2MNlQwE
1,OPERATIONAL,"{'location': {'lat': 38.7115028, 'lng': -9.1383639}, 'viewport': {'northeast': {'lat': 38.71283893029149, 'lng': -9.137060869708499}, 'southwest': {'lat': 38.71014096970849, 'lng': -9.139758830291502}}}",https://maps.gstatic.com/mapfiles/place_api/icons/v1/png_71/lodging-71.png,#909CE1,https://maps.gstatic.com/mapfiles/place_api/icons/v2/hotel_pinlet,Brown's Central Hotel,{'open_now': True},"[{'height': 3264, 'html_attributions': ['<a href=""https://maps.google.com/maps/contrib/115421134140823806640"">Brown&#39;s Central Hotel</a>'], 'photo_reference': 'Aap_uEBVHeE-aTWJiEfHEyAVnWfnexlEaQu43gb94nmrO1mfFNJB3E_cQ0zu_Xhnoo1dgxfQKobgQRhjqpdOa5d7HXIFHSh0M2BhV7FxNX8BngEHbSkZ6cGRX_m7kIDoA1GY23dZqA-QY5zN5Kegnx73OSPd4ZRaeTAsNeDQHZE1DWxi8FOH', 'width': 4928}]",ChIJiULG6Hg0GQ0REhiOp3X8fYA,"{'compound_code': 'PV66+JM Lisbon, Portugal', 'global_code': '8CCGPV66+JM'}",4.5,ChIJiULG6Hg0GQ0REhiOp3X8fYA,GOOGLE,"['lodging', 'bar', 'restaurant', 'food', 'point_of_interest', 'establishment']",827,"Rua dos Sapateiros 144, Lisboa",,,https://google.com/maps/place/?q=place_id:ChIJiULG6Hg0GQ0REhiOp3X8fYA
2,OPERATIONAL,"{'location': {'lat': 38.70972219999999, 'lng': -9.1311111}, 'viewport': {'northeast': {'lat': 38.7110056302915, 'lng': -9.129756519708497}, 'southwest': {'lat': 38.7083076697085, 'lng': -9.132454480291502}}}",https://maps.gstatic.com/mapfiles/place_api/icons/v1/png_71/restaurant-71.png,#FF9E67,https://maps.gstatic.com/mapfiles/place_api/icons/v2/restaurant_pinlet,Clube de Fado - Fado & Food Group,{'open_now': False},"[{'height': 5247, 'html_attributions': ['<a href=""https://maps.google.com/maps/contrib/102411731482178765842"">Clube de Fado - Fado &amp; Food Group</a>'], 'photo_reference': 'Aap_uECX61fQ9xr61zwxorswoD_Mmb2i3rLUuYvND1FIXILkzZpZ6a1VT7B7j2aFuWzCeRkmGTwKlTBdCRpvjf1s8-qI47uWkhW7ySe90BBRxxlb5rEinPsY32YTlsWqJynrJplxtfODtWiulMQhPKIv_YCSM1FF6RenUC2AaBLdgauTOwxA', 'width': 7870}]",ChIJV-jS2nY0GQ0Rl2LL675xCYE,"{'compound_code': 'PV59+VH Lisbon, Portugal', 'global_code': '8CCGPV59+VH'}",4.2,ChIJV-jS2nY0GQ0Rl2LL675xCYE,GOOGLE,"['restaurant', 'food', 'point_of_interest', 'establishment']",1174,"Rua de São João da Praça 86, Lisboa",3.0,,https://google.com/maps/place/?q=place_id:ChIJV-jS2nY0GQ0Rl2LL675xCYE
3,OPERATIONAL,"{'location': {'lat': 38.71009939999999, 'lng': -9.141465599999998}, 'viewport': {'northeast': {'lat': 38.7113180302915, 'lng': -9.139940719708497}, 'southwest': {'lat': 38.7086200697085, 'lng': -9.142638680291501}}}",https://maps.gstatic.com/mapfiles/place_api/icons/v1/png_71/restaurant-71.png,#FF9E67,https://maps.gstatic.com/mapfiles/place_api/icons/v2/restaurant_pinlet,Belcanto,{'open_now': False},"[{'height': 608, 'html_attributions': ['<a href=""https://maps.google.com/maps/contrib/111807387388435984557"">Belcanto</a>'], 'photo_reference': 'Aap_uEDHIAGxKVNbExBYj5LgYaPUVPtlXocgPNYR7GNzcff5ZnF1pEz5hUsZLsK9a0k32DP-9XiSaxWJdZg381pKZ6IN0gv_equgYtJJxsCFYUYxGhSqB8tylusiphgn0RKCp4IkzZnn85DHtttKlTFqFZpno2qbQ-SwNeLHWAcSGFa3Mxoh', 'width': 912}]",ChIJITj75340GQ0RXULVgWMFloA,"{'compound_code': 'PV65+2C Lisbon, Portugal', 'global_code': '8CCGPV65+2C'}",4.6,ChIJITj75340GQ0RXULVgWMFloA,GOOGLE,"['restaurant', 'food', 'point_of_interest', 'establishment']",857,"Rua Serpa Pinto 10A, Lisboa",4.0,,https://google.com/maps/place/?q=place_id:ChIJITj75340GQ0RXULVgWMFloA
4,CLOSED_TEMPORARILY,"{'location': {'lat': 38.7124655, 'lng': -9.142480599999999}, 'viewport': {'northeast': {'lat': 38.71384218029149, 'lng': -9.141186719708497}, 'southwest': {'lat': 38.71114421970849, 'lng': -9.143884680291501}}}",https://maps.gstatic.com/mapfiles/place_api/icons/v1/png_71/restaurant-71.png,#FF9E67,https://maps.gstatic.com/mapfiles/place_api/icons/v2/restaurant_pinlet,Cervejaria Trindade,,"[{'height': 1367, 'html_attributions': ['<a href=""https://maps.google.com/maps/contrib/100932479525109460392"">Cervejaria Trindade</a>'], 'photo_reference': 'Aap_uEAHsaa-S14qk-LoIDTUZR7FWitJNxLtzflvKzgn65siHnSYlPl2TCt0Hk3gD-9zmBi0v5LzKNZgG877_eTtyeOs_LbAgCRIfYjdLpA3EwFY42kl8VFgsiW0dyZ0I_jUuDVBvt3BTlImo7ScFIBwQ9LMDbDpEQjZywlqKURTz_TKAa0Z', 'width': 2048}]",ChIJbymNeX80GQ0ROXnZMyq-WxM,"{'compound_code': 'PV65+X2 Lisbon, Portugal', 'global_code': '8CCGPV65+X2'}",4.1,ChIJbymNeX80GQ0ROXnZMyq-WxM,GOOGLE,"['restaurant', 'bar', 'food', 'point_of_interest', 'establishment']",4726,"Rua Nova da Trindade 20 C, Lisboa",2.0,True,https://google.com/maps/place/?q=place_id:ChIJbymNeX80GQ0ROXnZMyq-WxM
5,OPERATIONAL,"{'location': {'lat': 38.709134, 'lng': -9.13334}, 'viewport': {'northeast': {'lat': 38.7105707802915, 'lng': -9.131967969708498}, 'southwest': {'lat': 38.7078728197085, 'lng': -9.134665930291503}}}",https://maps.gstatic.com/mapfiles/place_api/icons/v1/png_71/bar-71.png,#FF9E67,https://maps.gstatic.com/mapfiles/place_api/icons/v2/bar_pinlet,Taberna Moderna,{'open_now': False},"[{'height': 998, 'html_attributions': ['<a href=""https://maps.google.com/maps/contrib/115776964824426365985"">Taberna Moderna</a>'], 'photo_reference': 'Aap_uEAvyzQLcb0Audx6dV69rJqDz4N5x92uBOdMYPjz8Oa_T-SBK9d65oAKQgGYuDDBTejaO-75NkE8qanbReHFfT2LD_q5UoJhAzq1R9_8brnOwCKD0ApLYyt1zoUXefoVAHUnts1_TaRW1QiqfUBOqmIqsonS847moTtva863qX7_y5tG', 'width': 1500}]",ChIJ8USpSXc0GQ0RAIMnuSbwXp8,"{'compound_code': 'PV58+MM Lisbon, Portugal', 'global_code': '8CCGPV58+MM'}",4.4,ChIJ8USpSXc0GQ0RAIMnuSbwXp8,GOOGLE,"['bar', 'restaurant', 'food', 'point_of_interest', 'establishment']",825,"Rua dos Bacalhoeiros 18A, Lisboa",2.0,,https://google.com/maps/place/?q=place_id:ChIJ8USpSXc0GQ0RAIMnuSbwXp8
6,OPERATIONAL,"{'location': {'lat': 38.7086706, 'lng': -9.1358524}, 'viewport': {'northeast': {'lat': 38.7099984802915, 'lng': -9.134582019708496}, 'southwest': {'lat': 38.7073005197085, 'lng': -9.1372799802915}}}",https://maps.gstatic.com/mapfiles/place_api/icons/v1/png_71/restaurant-71.png,#FF9E67,https://maps.gstatic.com/mapfiles/place_api/icons/v2/restaurant_pinlet,Martinho da Arcada,{'open_now': True},"[{'height': 3024, 'html_attributions': ['<a href=""https://maps.google.com/maps/contrib/113220495766431420898"">Kevin Stolk</a>'], 'photo_reference': 'Aap_uEDpyBRuZgasrWFWeKYhTaYc_vODLiQrj1v10TPP-pI7X94jzz3Qmo-bangaTL0NtjUnFj8stEA1QLCUYXZ9Sza26-uXyAarqebhguITRtPX9Ca8cUefwsuBRmC-FfVeoKq9fcRTsGftBszfbqxy5kpP_Y7YRR__KInIbU2YBh9HIOa6', 'width': 4032}]",ChIJIcori3k0GQ0RquwgxxH1IN0,"{'compound_code': 'PV57+FM Lisbon, Portugal', 'global_code': '8CCGPV57+FM'}",4.2,ChIJIcori3k0GQ0RquwgxxH1IN0,GOOGLE,"['tourist_attraction', 'restaurant', 'food', 'point_of_interest', 'establishment']",1174,"Praça do Comércio 3, Lisboa",2.0,,https://google.com/maps/place/?q=place_id:ChIJIcori3k0GQ0RquwgxxH1IN0
7,OPERATIONAL,"{'location': {'lat': 38.710891, 'lng': -9.129498799999999}, 'viewport': {'northeast': {'lat': 38.71223998029149, 'lng': -9.128149819708495}, 'southwest': {'lat': 38.70954201970849, 'lng': -9.1308477802915}}}",https://maps.gstatic.com/mapfiles/place_api/icons/v1/png_71/restaurant-71.png,#FF9E67,https://maps.gstatic.com/mapfiles/place_api/icons/v2/restaurant_pinlet,Santo António de Alfama,,"[{'height': 4032, 'html_attributions': ['<a href=""https://maps.google.com/maps/contrib/100287079416149416482"">David G</a>'], 'photo_reference': 'Aap_uECZyjIcJ-Qc00cUpOpVoMrbfguje9_jtHwQvif74__uuHWVDf3cBZGS0dmpuInXZYpHr1Pd5vqXSqKg8eDEYf_LiQTBDvKxVGohCB_kSJCUOhyScxgeb8Iq6Wgu-XDzGD4aP5FgCrIt7mT1Y4pm7TuuIn4vTJhyxv8Is7YxkSH3vtv3', 'width': 3024}]",ChIJdQ2UnHY0GQ0RKdaT0O6lB1o,"{'compound_code': 'PV6C+96 Lisbon, Portugal', 'global_code': '8CCGPV6C+96'}",4.0,ChIJdQ2UnHY0GQ0RKdaT0O6lB1o,GOOGLE,"['restaurant', 'food', 'point_of_interest', 'establishment']",514,"Beco São Miguel 7, Lisboa",2.0,,https://google.com/maps/place/?q=place_id:ChIJdQ2UnHY0GQ0RKdaT0O6lB1o
8,OPERATIONAL,"{'location': {'lat': 38.7115083, 'lng': -9.1403611}, 'viewport': {'northeast': {'lat': 38.7128535302915, 'lng': -9.138981719708497}, 'southwest': {'lat': 38.7101555697085, 'lng': -9.141679680291501}}}",https://maps.gstatic.com/mapfiles/place_api/icons/v1/png_71/restaurant-71.png,#FF9E67,https://maps.gstatic.com/mapfiles/place_api/icons/v2/restaurant_pinlet,Sacramento do Chiado,{'open_now': False},"[{'height': 3456, 'html_attributions': ['<a href=""https://maps.google.com/maps/contrib/113364215170599326643"">Sacramento do Chiado</a>'], 'photo_reference': 'Aap_uEAY2ybYsRdHYXWr6kM-qhKlXOFtPzEMOE9-iIw4VpMij2Dgi4J7vBXmgS4cWUhaWIHtNv4s8NdLSJg3hbnyOizY1-JBsRX3dyjl-V8XkmAsOGn2LSm2rB7TybSL1R7i4bRqK99LLaTR3aFo2sedDEMKdJTrsHGVGDk54s801jm2b6XR', 'width': 5184}]",ChIJYaS4M380GQ0REdyJPFfvokc,"{'compound_code': 'PV65+JV Lisbon, Portugal', 'global_code': '8CCGPV65+JV'}",4.4,ChIJYaS4M380GQ0REdyJPFfvokc,GOOGLE,"['restaurant', 'cafe', 'bar', 'food', 'point_of_interest', 'establishment']",1577,"Calçada do Sacramento 40 a 46, Lisboa",2.0,,https://google.com/maps/place/?q=place_id:ChIJYaS4M380GQ0REdyJPFfvokc
9,OPERATIONAL,"{'location': {'lat': 38.7097626, 'lng': -9.1295176}, 'viewport': {'northeast': {'lat': 38.7111816302915, 'lng': -9.128245319708498}, 'southwest': {'lat': 38.7084836697085, 'lng': -9.130943280291502}}}",https://maps.gstatic.com/mapfiles/place_api/icons/v1/png_71/lodging-71.png,#909CE1,https://maps.gstatic.com/mapfiles/place_api/icons/v2/hotel_pinlet,Palacete Chafariz d'El Rei,{'open_now': True},"[{'height': 810, 'html_attributions': ['<a href=""https://maps.google.com/maps/contrib/107958618604071446332"">Palacete Chafariz D&#39;El Rei</a>'], 'photo_reference': 'Aap_uEAuqTnx16sxkHDdZiRIkE9kwMddVS1PRRvCfo8UWJhoBAoKE0zzJQ5fHwWHT6f-TFkj15HXwlx4jU0lS009SRnJjboAvsFbfRCbV_NEnLbh-kuFA-rYStZ2IHKFOc4E54l0-NPQ9Q1JJnvmoXrROHiWaVNU1s2iY33yVBHeQIbBa8M1', 'width': 1440}]",ChIJ_YfHpXY0GQ0RAPlfcB5-cKM,"{'compound_code': 'PV5C+W5 Lisbon, Portugal', 'global_code': '8CCGPV5C+W5'}",4.6,ChIJ_YfHpXY0GQ0RAPlfcB5-cKM,GOOGLE,"['cafe', 'lodging', 'restaurant', 'food', 'point_of_interest', 'establishment']",160,"Travessa do Chafariz de El-Rei 6, Lisboa",,,https://google.com/maps/place/?q=place_id:ChIJ_YfHpXY0GQ0RAPlfcB5-cKM
10,OPERATIONAL,"{'location': {'lat': 38.711381, 'lng': -9.128546}, 'viewport': {'northeast': {'lat': 38.71255688029151, 'lng': -9.126914019708497}, 'southwest': {'lat': 38.70985891970851, 'lng': -9.129611980291502}}}",https://maps.gstatic.com/mapfiles/place_api/icons/v1/png_71/restaurant-71.png,#FF9E67,https://maps.gstatic.com/mapfiles/place_api/icons/v2/restaurant_pinlet,Lautasco,{'open_now': False},"[{'height': 4312, 'html_attributions': ['<a href=""https://maps.google.com/maps/contrib/116018353047587426072"">Alessio Burtone</a>'], 'photo_reference': 'Aap_uEC9cWzcloYnLRiLpePJHQFnGLuE5h3xrNftx4zeaYw1bjWVrO4olIf0hSYc0lSnqI5S2XQeEARDLYsPCW9JpNl49Mg1y5lsec-HU4Pz-MVCN7BvMap-ZqD_4ss1xOKb5sdQCN8VGZvZZR3HjpwKg02yqkBhy1gYQP_8sGRp0OLeFLef', 'width': 5760}]",ChIJOzB2LnQ0GQ0RJPE7z_jjpQE,"{'compound_code': 'PV6C+HH Lisbon, Portugal', 'global_code': '8CCGPV6C+HH'}",3.9,ChIJOzB2LnQ0GQ0RJPE7z_jjpQE,GOOGLE,"['restaurant', 'food', 'point_of_interest', 'establishment']",550,"Beco do Azinhal 7, Lisboa",2.0,,https://google.com/maps/place/?q=place_id:ChIJOzB2LnQ0GQ0RJPE7z_jjpQE
11,OPERATIONAL,"{'location': {'lat': 38.7108714, 'lng': -9.1390803}, 'viewport': {'northeast': {'lat': 38.71222038029151, 'lng': -9.137731319708498}, 'southwest': {'lat': 38.70952241970851, 'lng': -9.140429280291503}}}",https://maps.gstatic.com/mapfiles/place_api/icons/v1/png_71/restaurant-71.png,#FF9E67,https://maps.gstatic.com/mapfiles/place_api/icons/v2/restaurant_pinlet,Restaurante O Chiado,{'open_now': False},"[{'height': 3024, 'html_attributions': ['<a href=""https://maps.google.com/maps/contrib/104486008961938634998"">Hui Wen Chen</a>'], 'photo_reference': 'Aap_uEAPW6gFoMwiib8RIThLrRIX-rD_B2Vdr4eJR6999GoJIzwkPHY6dUagYgaQl-q_ysem6FVRunWTTQBqtIyec-kaHOhvTSdBGh0CTHC1g6jNWOqCwuV9GOztaOd4YsQP4_gFIezJ5nUzR35xoR5fHHrCnPyYxHJVIZLIC1goY2fyBrEc', 'width': 4032}]",ChIJL18s33g0GQ0RiNZLg0dZDsc,"{'compound_code': 'PV66+89 Lisbon, Portugal', 'global_code': '8CCGPV66+89'}",4.5,ChIJL18s33g0GQ0RiNZLg0dZDsc,GOOGLE,"['restaurant', 'food', 'point_of_interest', 'establishment']",789,"Rua do Crucifixo 104, Lisboa",2.0,,https://google.com/maps/place/?q=place_id:ChIJL18s33g0GQ0RiNZLg0dZDsc
12,OPERATIONAL,"{'location': {'lat': 38.7104238, 'lng': -9.140053699999998}, 'viewport': {'northeast': {'lat': 38.7117727802915, 'lng': -9.138704719708496}, 'southwest': {'lat': 38.7090748197085, 'lng': -9.1414026802915}}}",https://maps.gstatic.com/mapfiles/place_api/icons/v1/png_71/restaurant-71.png,#FF9E67,https://maps.gstatic.com/mapfiles/place_api/icons/v2/restaurant_pinlet,Pizzeria Mezzogiorno,{'open_now': True},"[{'height': 3456, 'html_attributions': ['<a href=""https://maps.google.com/maps/contrib/105113829955281450444"">R. B.</a>'], 'photo_reference': 'Aap_uEChXuha-dHEIQGTOUI_Z1FFYi8pqI5LNjRJEkTjqC580V79Q9VYgt9YLeHDgMSn8aB7h_qmZoAqnGLSvOM70IfxLYn8mrOwyNPM2wh17ZnX4bPXJBzQDDJAJKW7osFmGK4GEoaT6Hy23hrEPqJzgXX5X8kWlSpMKsDm2d7cPqTLYyS1', 'width': 4608}]",ChIJq9_b1Hg0GQ0ROZei16Z8YNU,"{'compound_code': 'PV65+5X Lisbon, Portugal', 'global_code': '8CCGPV65+5X'}",4.0,ChIJq9_b1Hg0GQ0ROZei16Z8YNU,GOOGLE,"['restaurant', 'food', 'point_of_interest', 'establishment']",1190,"Rua Garrett 19 - Galerias Páteo Garrett, lojas C, D, Lisboa",2.0,,https://google.com/maps/place/?q=place_id:ChIJq9_b1Hg0GQ0ROZei16Z8YNU
13,OPERATIONAL,"{'location': {'lat': 38.7117528, 'lng': -9.141625}, 'viewport': {'northeast': {'lat': 38.7130867802915, 'lng': -9.140352519708498}, 'southwest': {'lat': 38.7103888197085, 'lng': -9.143050480291503}}}",https://maps.gstatic.com/mapfiles/place_api/icons/v1/png_71/restaurant-71.png,#FF9E67,https://maps.gstatic.com/mapfiles/place_api/icons/v2/restaurant_pinlet,Royale Café,{'open_now': True},"[{'height': 767, 'html_attributions': ['<a href=""https://maps.google.com/maps/contrib/108718851915826379670"">Royale Café</a>'], 'photo_reference': 'Aap_uED4infJtV9uxM8Ea9ia5EXT5U5mgGpguw3clPvPJmsyRWUBuklTIzgWa9WQyFrgZhQ0ZjzDv68nIH5I4OB0xYDtgQeo9F2_ZX05hfdefUsYXyoEZqcSAiBzXZhCoOHHCqlms7BpPW3V2slmqB73XeqVREihA_8SXGHNsMsfGws2rsml', 'width': 1024}]",ChIJG89mE380GQ0Rv4OqG7MgKxw,"{'compound_code': 'PV65+P8 Lisbon, Portugal', 'global_code': '8CCGPV65+P8'}",4.2,ChIJG89mE380GQ0Rv4OqG7MgKxw,GOOGLE,"['cafe', 'restaurant', 'food', 'point_of_interest', 'establishment']",604,"Largo Rafael Bordalo Pinheiro 29 R/C, Lisboa",2.0,,https://google.com/maps/place/?q=place_id:ChIJG89mE380GQ0Rv4OqG7MgKxw
14,OPERATIONAL,"{'location': {'lat': 38.71079069999999, 'lng': -9.129279799999999}, 'viewport': {'northeast': {'lat': 38.7121404802915, 'lng': -9.127940069708497}, 'southwest': {'lat': 38.7094425197085, 'lng': -9.130638030291502}}}",https://maps.gstatic.com/mapfiles/place_api/icons/v1/png_71/restaurant-71.png,#FF9E67,https://maps.gstatic.com/mapfiles/place_api/icons/v2/restaurant_pinlet,São Miguel d'Alfama,{'open_now': True},"[{'height': 480, 'html_attributions': ['<a href=""https://maps.google.com/maps/contrib/107100955836508259003"">São Miguel d&#39;Alfama</a>'], 'photo_reference': 'Aap_uEBBYtZ-B04iICV3fYG45m2ZpEi5rJWyguY5MfRqlWG6eZN2AZY1Uewi_PbMM8Fv2x5ANy8gIn6W5QRerSWGK-7ccGjdf1YDKSFkog7EURhhkykFs3NOWTEdCEtpGVywcO0tCxNIoTC1l3yew5zNgu3Nxzq9uO1B4VZV3jiTIkRpsF_u', 'width': 320}]",ChIJ6VuTnHY0GQ0RUo_gETPDtLw,"{'compound_code': 'PV6C+87 Lisbon, Portugal', 'global_code': '8CCGPV6C+87'}",3.4,ChIJ6VuTnHY0GQ0RUo_gETPDtLw,GOOGLE,"['restaurant', 'food', 'point_of_interest', 'establishment']",447,"Rua de São Miguel 9, Lisboa",2.0,,https://google.com/maps/place/?q=place_id:ChIJ6VuTnHY0GQ0RUo_gETPDtLw
15,OPERATIONAL,"{'location': {'lat': 38.7093017, 'lng': -9.132198899999999}, 'viewport': {'northeast': {'lat': 38.7106475802915, 'lng': -9.130841019708496}, 'southwest': {'lat': 38.7079496197085, 'lng': -9.133538980291501}}}",https://maps.gstatic.com/mapfiles/place_api/icons/v1/png_71/restaurant-71.png,#FF9E67,https://maps.gstatic.com/mapfiles/place_api/icons/v2/restaurant_pinlet,Duetos da Sé,{'open_now': False},"[{'height': 2268, 'html_attributions': ['<a href=""https://maps.google.com/maps/contrib/106351276445418774555"">Duetos da Sé</a>'], 'photo_reference': 'Aap_uECMhkxCQnwuatAH3ufk3IIQA6I4cpWbi22-gR1W74QQbootm8km82vGd7Vj3ZONJrC4jnpJkQIt8FdU8t3U0zPhu7XR816E381ttxOMO7iJbO6jjulpqg6mjFg0tonbmoElvgBdvvtlpWkXIKRJzCVERFCWKZLExjpTSTjIZGvMdob7', 'width': 4032}]",ChIJ0ZM6L3c0GQ0R4ez4HlNOdi8,"{'compound_code': 'PV59+P4 Lisbon, Portugal', 'global_code': '8CCGPV59+P4'}",4.3,ChIJ0ZM6L3c0GQ0R4ez4HlNOdi8,GOOGLE,"['restaurant', 'cafe', 'bar', 'food', 'point_of_interest', 'establishment']",560,"Travessa Almargem 1B, Lisboa",2.0,,https://google.com/maps/place/?q=place_id:ChIJ0ZM6L3c0GQ0R4ez4HlNOdi8
16,OPERATIONAL,"{'location': {'lat': 38.7130895, 'lng': -9.1257475}, 'viewport': {'northeast': {'lat': 38.7144291802915, 'lng': -9.124388619708498}, 'southwest': {'lat': 38.7117312197085, 'lng': -9.127086580291502}}}",https://maps.gstatic.com/mapfiles/place_api/icons/v1/png_71/restaurant-71.png,#FF9E67,https://maps.gstatic.com/mapfiles/place_api/icons/v2/restaurant_pinlet,Sr. Fado,{'open_now': False},"[{'height': 3000, 'html_attributions': ['<a href=""https://maps.google.com/maps/contrib/102594927715702357870"">Sr. Fado</a>'], 'photo_reference': 'Aap_uEB-1o5u4r8WL654PMqen_OVR8jaCiWtL13TVW-AqOUnmiBvJjI554UWw1ewkJrimafSSODD0p5Ku20kIdpwGl3f6ZA0AqRNvH-sQ9uT6IKT-DmG4NqHOE-Amh3EttMWNPsAD2nSuTs3Sw1Wv7uZJv_dd9q1arZyDY739K6fbde99pTa', 'width': 4000}]",ChIJ6RnQDHU0GQ0RXgZT0UTwlNc,"{'compound_code': 'PV7F+6P Lisbon, Portugal', 'global_code': '8CCGPV7F+6P'}",4.4,ChIJ6RnQDHU0GQ0RXgZT0UTwlNc,GOOGLE,"['restaurant', 'food', 'point_of_interest', 'establishment']",420,Rua dos Remédios 176,2.0,,https://google.com/maps/place/?q=place_id:ChIJ6RnQDHU0GQ0RXgZT0UTwlNc
17,OPERATIONAL,"{'location': {'lat': 38.713135, 'lng': -9.1397975}, 'viewport': {'northeast': {'lat': 38.7144839802915, 'lng': -9.138448519708497}, 'southwest': {'lat': 38.71178601970851, 'lng': -9.141146480291502}}}",https://maps.gstatic.com/mapfiles/place_api/icons/v1/png_71/restaurant-71.png,#FF9E67,https://maps.gstatic.com/mapfiles/place_api/icons/v2/restaurant_pinlet,Nicola,{'open_now': True},"[{'height': 2268, 'html_attributions': ['<a href=""https://maps.google.com/maps/contrib/103943219674868246700"">Guy-Marc MOUYAL</a>'], 'photo_reference': 'Aap_uECPwW_xFtyyDk16dOUeQ_BzbdnZhfDqX6Eol_fU36cYwFqhNpvX6PfqnGK4qdLg9usKHvK18Ohy9DrIl9kY82vRtK20Cc8m3W-1czfh7neboch4K-eL68RH9lccLwlL6uDJ4XjYBco2zZxAOI-GvYbCC0OHoGCFc4-2COOR7UHKJtZ0', 'width': 4032}]",ChIJ78-FqXg0GQ0RR53qyHIQh80,"{'compound_code': 'PV76+73 Lisbon, Portugal', 'global_code': '8CCGPV76+73'}",3.5,ChIJ78-FqXg0GQ0RR53qyHIQh80,GOOGLE,"['restaurant', 'food', 'point_of_interest', 'establishment']",1610,"Praça Dom Pedro IV 24, Lisboa",2.0,,https://google.com/maps/place/?q=place_id:ChIJ78-FqXg0GQ0RR53qyHIQh80
18,OPERATIONAL,"{'location': {'lat': 38.7099113, 'lng': -9.141057499999999}, 'viewport': {'northeast': {'lat': 38.71125343029151, 'lng': -9.139732169708498}, 'southwest': {'lat': 38.70855546970851, 'lng': -9.142430130291503}}}",https://maps.gstatic.com/mapfiles/place_api/icons/v1/png_71/school-71.png,#7B9EB0,https://maps.gstatic.com/mapfiles/place_api/icons/v2/school_pinlet,Instituto Macrobiótico de Portugal,{'open_now': False},"[{'height': 3376, 'html_attributions': ['<a href=""https://maps.google.com/maps/contrib/116022501432914097106"">Instituto Macrobiótico de Portugal</a>'], 'photo_reference': 'Aap_uEBip4HmYlmztRnHoIoQ8pe7SJpE8E8v2ogq2C-Y2puMOdOASHD984DjYWkaNq22tyih6zjqoJEnK1nKNZiOFu4Vy7gONIk60eNC2Ta3ukZTJqDuOi67sbDpxTdMrK2QcyfOuGxoKOh2QIv3q-A4Ov4vuwmF9UHDnjrQM6oJwoz9vmkq', 'width': 6000}]",ChIJQ6emxH40GQ0R5YavWc6VioY,"{'compound_code': 'PV55+XH Lisbon, Portugal', 'global_code': '8CCGPV55+XH'}",4.9,ChIJQ6emxH40GQ0R5YavWc6VioY,GOOGLE,"['book_store', 'grocery_or_supermarket', 'restaurant', 'food', 'point_of_interest', 'store', 'establishment']",52,"Rua Anchieta 5 2º esq, Lisboa",,,https://google.com/maps/place/?q=place_id:ChIJQ6emxH40GQ0R5YavWc6VioY
19,OPERATIONAL,"{'location': {'lat': 38.7091595, 'lng': -9.130906}, 'viewport': {'northeast': {'lat': 38.7105229302915, 'lng': -9.129385769708497}, 'southwest': {'lat': 38.7078249697085, 'lng': -9.132083730291502}}}",https://maps.gstatic.com/mapfiles/place_api/icons/v1/png_71/restaurant-71.png,#FF9E67,https://maps.gstatic.com/mapfiles/place_api/icons/v2/restaurant_pinlet,Casa de Linhares - FADO,{'open_now': False},"[{'height': 1036, 'html_attributions': ['<a href=""https://maps.google.com/maps/contrib/108631852157658404644"">Casa de Linhares - FADO</a>'], 'photo_reference': 'Aap_uECU0yy3va2tTEyCxaS9OKkfzdu6fcLLWPzpPJyaXkFRrJatgcbgQmsowqTAc7NHLr6ZO1F42WGK9UAgT5HR0coefI88EpbD-lj-1WE45FRgI85Bj5okVbGj6OWUxqmTHukCWaeq2gpi3tOBtcZbkPvk_WdTF9yjq4cY4ClEZ5CM_6qI', 'width': 1553}]",ChIJTVf9znY0GQ0Rs6KxG_Q4SbA,"{'compound_code': 'PV59+MJ Lisbon, Portugal', 'global_code': '8CCGPV59+MJ'}",4.4,ChIJTVf9znY0GQ0Rs6KxG_Q4SbA,GOOGLE,"['restaurant', 'food', 'point_of_interest', 'establishment']",585,"Beco dos Armazéns do Linho 2, Lisboa",2.0,,https://google.com/maps/place/?q=place_id:ChIJTVf9znY0GQ0Rs6KxG_Q4SbA
20,OPERATIONAL,"{'location': {'lat': 38.71134480000001, 'lng': -9.143042399999999}, 'viewport': {'northeast': {'lat': 38.71269378029151, 'lng': -9.141693419708497}, 'southwest': {'lat': 38.70999581970851, 'lng': -9.144391380291502}}}",https://maps.gstatic.com/mapfiles/place_api/icons/v1/png_71/restaurant-71.png,#FF9E67,https://maps.gstatic.com/mapfiles/place_api/icons/v2/restaurant_pinlet,Tavares,{'open_now': False},"[{'height': 2736, 'html_attributions': ['<a href=""https://maps.google.com/maps/contrib/106287207935685802755"">Brett McAlpine</a>'], 'photo_reference': 'Aap_uEDQzoZlVpuzX1z8nUcPlM24Y9sCmUnTloSmj-zb0cN1q5VrevB0lNDrcnZdX92l3FBLaABIkQbYloXoKcQIxcea7XOhY0_EplCj-F7m3khrOiM-hTT4obH8oB4_-AUbo9aw32ihUyqp7RfuTTYnXQCTlV1Ryur1OVtVHq8CENnGyEJv', 'width': 3648}]",ChIJ5T6ep380GQ0R2Q9dG0E-4E8,"{'compound_code': 'PV64+GQ Lisbon, Portugal', 'global_code': '8CCGPV64+GQ'}",4.3,ChIJ5T6ep380GQ0R2Q9dG0E-4E8,GOOGLE,"['restaurant', 'food', 'point_of_interest', 'establishment']",97,"Rua da Misericórdia 37 R/C, Lisboa",4.0,,https://google.com/maps/place/?q=place_id:ChIJ5T6ep380GQ0R2Q9dG0E-4E8
21,OPERATIONAL,"{'location': {'lat': 38.7086111, 'lng': -9.142222199999999}, 'viewport': {'northeast': {'lat': 38.70996008029149, 'lng': -9.140873219708498}, 'southwest': {'lat': 38.7072621197085, 'lng': -9.143571180291502}}}",https://maps.gstatic.com/mapfiles/place_api/icons/v1/png_71/restaurant-71.png,#FF9E67,https://maps.gstatic.com/mapfiles/place_api/icons/v2/restaurant_pinlet,Cantinho do Avillez - Chiado,{'open_now': False},"[{'height': 735, 'html_attributions': ['<a href=""https://maps.google.com/maps/contrib/101355985177700595771"">Cantinho do Avillez - Chiado</a>'], 'photo_reference': 'Aap_uEDVuIpike51-YpMpgC08ce0HLuwZHrIag52GUXXC0_tsU1eRbxEd7IJKP-TDf6giS55REDdiFY-11esOnZMUIYzxTcmZibQyUTuuengQjTBJWZeGCVvZ22wNxBQAz7vNPQ5P46jZL1GQ0vV4-4hgVP3Dbg-PGOJ_QRHEJunPdNoTBrz', 'width': 1102}]",ChIJ7cqNmn40GQ0RnThslRdCNjI,"{'compound_code': 'PV55+C4 Lisbon, Portugal', 'global_code': '8CCGPV55+C4'}",4.3,ChIJ7cqNmn40GQ0RnThslRdCNjI,GOOGLE,"['restaurant', 'food', 'point_of_interest', 'establishment']",1409,"Rua Duques de Bragança 7, Lisboa",3.0,,https://google.com/maps/place/?q=place_id:ChIJ7cqNmn40GQ0RnThslRdCNjI
22,OPERATIONAL,"{'location': {'lat': 38.7099356, 'lng': -9.134241099999999}, 'viewport': {'northeast': {'lat': 38.7112845802915, 'lng': -9.132892119708497}, 'southwest': {'lat': 38.7085866197085, 'lng': -9.1355900802915}}}",https://maps.gstatic.com/mapfiles/place_api/icons/v1/png_71/restaurant-71.png,#FF9E67,https://maps.gstatic.com/mapfiles/place_api/icons/v2/restaurant_pinlet,Estrela da Sé,{'open_now': True},"[{'height': 2928, 'html_attributions': ['<a href=""https://maps.google.com/maps/contrib/106154706180760969431"">Estrela da Sé</a>'], 'photo_reference': 'Aap_uEDyfT3EMItE-NaNk1gOCzCesGJmIRTv5HoJn4TV763DI6rwvfme_nmPI8T5zWPs7BjwZ-YwDI9ewdi0uwc2ITOKO5RzZWexcZXMre-aV7NLCBiMVHKdGOLqiSBtBxrfzNTJkc9ouWPSGpGbsIzvFjIOhL8iZWrLAsyYihTzcawvY1X6', 'width': 4832}]",ChIJZdPJYHc0GQ0RMld2Ru0pS5U,"{'compound_code': 'PV58+X8 Lisbon, Portugal', 'global_code': '8CCGPV58+X8'}",4.6,ChIJZdPJYHc0GQ0RMld2Ru0pS5U,GOOGLE,"['bar', 'restaurant', 'food', 'point_of_interest', 'establishment']",280,"Largo Santo António da Sé 4, Lisboa",1.0,,https://google.com/maps/place/?q=place_id:ChIJZdPJYHc0GQ0RMld2Ru0pS5U
23,OPERATIONAL,"{'location': {'lat': 38.7117128, 'lng': -9.129544500000002}, 'viewport': {'northeast': {'lat': 38.7130617802915, 'lng': -9.1281955197085}, 'southwest': {'lat': 38.7103638197085, 'lng': -9.130893480291505}}}",https://maps.gstatic.com/mapfiles/place_api/icons/v1/png_71/restaurant-71.png,#FF9E67,https://maps.gstatic.com/mapfiles/place_api/icons/v2/restaurant_pinlet,Restaurent Castelo Pição,{'open_now': True},"[{'height': 1960, 'html_attributions': ['<a href=""https://maps.google.com/maps/contrib/101763060101028088689"">Restaurent Castelo Pição</a>'], 'photo_reference': 'Aap_uEBQ8mqVJvYFtakd4vYeIz216lAStLQ6W6krasPsV-tL9cw4jDYkYdg8AKQW9x17mFknh-XVQpnFilsJCk9z-AEa3MknD7neRCcyeGWvTfeJzRFzmSw5_YRZ9mDV7hvBv3_gG1CwF8bpYeIAZ4GCIKjdcZazXfb6I5kBB0kJJDxWOijW', 'width': 4032}]",ChIJD92QqIg1GQ0RxvITI-I_DUg,"{'compound_code': 'PV6C+M5 Lisbon, Portugal', 'global_code': '8CCGPV6C+M5'}",3.8,ChIJD92QqIg1GQ0RxvITI-I_DUg,GOOGLE,"['restaurant', 'food', 'point_of_interest', 'establishment']",6,"Rua do Castelo Picão 11 13, Lisboa",,,https://google.com/maps/place/?q=place_id:ChIJD92QqIg1GQ0RxvITI-I_DUg
24,OPERATIONAL,"{'location': {'lat': 38.70753860000001, 'lng': -9.144463300000002}, 'viewport': {'northeast': {'lat': 38.7088903802915, 'lng': -9.143123369708498}, 'southwest': {'lat': 38.7061924197085, 'lng': -9.145821330291502}}}",https://maps.gstatic.com/mapfiles/place_api/icons/v1/png_71/restaurant-71.png,#FF9E67,https://maps.gstatic.com/mapfiles/place_api/icons/v2/restaurant_pinlet,Taberna Tosca,{'open_now': True},"[{'height': 4032, 'html_attributions': ['<a href=""https://maps.google.com/maps/contrib/105540086321513830198"">John Michael Schert</a>'], 'photo_reference': 'Aap_uECqsntfHjTIKVrsWnfs98v__ziBs-w0OGVo25j-B9y3IXcLUdEI8_G7jdobX8wNyyMGYGkfAHG0r9kwi0oraLDSW_2mDw7uZpwIohQ4l0Qj1jQXHBRAvQftXEVW5R5YBdImHO551mXQh1M51XB5AArit7wXCwGzXD5fGXV4bvIz_c4t', 'width': 3024}]",ChIJfS0b4X00GQ0R79Lk3wWT4ik,"{'compound_code': 'PV54+26 Lisbon, Portugal', 'global_code': '8CCGPV54+26'}",4.3,ChIJfS0b4X00GQ0R79Lk3wWT4ik,GOOGLE,"['restaurant', 'food', 'point_of_interest', 'establishment']",634,"Praça São Paulo 21, Lisboa",2.0,,https://google.com/maps/place/?q=place_id:ChIJfS0b4X00GQ0R79Lk3wWT4ik
25,OPERATIONAL,"{'location': {'lat': 38.7111931, 'lng': -9.128354999999997}, 'viewport': {'northeast': {'lat': 38.71248128029151, 'lng': -9.126798869708498}, 'southwest': {'lat': 38.70978331970851, 'lng': -9.129496830291503}}}",https://maps.gstatic.com/mapfiles/place_api/icons/v1/png_71/restaurant-71.png,#FF9E67,https://maps.gstatic.com/mapfiles/place_api/icons/v2/restaurant_pinlet,Flor dos Arcos,{'open_now': True},"[{'height': 1767, 'html_attributions': ['<a href=""https://maps.google.com/maps/contrib/116165119495837070085"">O D</a>'], 'photo_reference': 'Aap_uECn-__OiOBlE2U7Bpo6ix6ECP31TRB_q3bjM10q3j2OAqPsUsNRg-ffnIIdvY2JqKefIHDoGCvrGPU_k69XxfGvHmylVoNCue6e2--wE890wL400N7bVFUT9R17TDWK1_GbJUmyQYvKnT3rlsk8azLKj1V49r5YkgwI4KdBGGQC9Tho', 'width': 2650}]",ChIJ555xMXQ0GQ0R_Jw8tqTIo64,"{'compound_code': 'PV6C+FM Lisbon, Portugal', 'global_code': '8CCGPV6C+FM'}",4.0,ChIJ555xMXQ0GQ0R_Jw8tqTIo64,GOOGLE,"['restaurant', 'food', 'point_of_interest', 'establishment']",261,"Largo do Chafariz de Dentro 12, Lisboa",,,https://google.com/maps/place/?q=place_id:ChIJ555xMXQ0GQ0R_Jw8tqTIo64
26,OPERATIONAL,"{'location': {'lat': 38.7102712, 'lng': -9.1320692}, 'viewport': {'northeast': {'lat': 38.7116030302915, 'lng': -9.130710119708498}, 'southwest': {'lat': 38.7089050697085, 'lng': -9.133408080291503}}}",https://maps.gstatic.com/mapfiles/place_api/icons/v1/png_71/restaurant-71.png,#FF9E67,https://maps.gstatic.com/mapfiles/place_api/icons/v2/restaurant_pinlet,Rio Coura,{'open_now': True},"[{'height': 3024, 'html_attributions': ['<a href=""https://maps.google.com/maps/contrib/106784986780051547814"">Antonio Pinto</a>'], 'photo_reference': 'Aap_uEBWFwETLTqwMBjpOangG4ABcM_iu1wSgcr5gh11yfj76UldE5E6QtguEct-1fgbpAkuD3dD6hmsFTV8eQprFr7rB1ntWbMgoEtv9-9Ei_08cJuVIq13rhbxOIX2dOoaRBm-FEiiMfarMtsLrk-7LnfTGe8CMReAJH6iUkCUTCgozvJf', 'width': 4032}]",ChIJm_-4Hnc0GQ0RFnR3_yV_kGU,"{'compound_code': 'PV69+45 Lisbon, Portugal', 'global_code': '8CCGPV69+45'}",4.2,ChIJm_-4Hnc0GQ0RFnR3_yV_kGU,GOOGLE,"['restaurant', 'food', 'point_of_interest', 'establishment']",679,"Rua Augusto Rosa N 30, Lisboa",1.0,,https://google.com/maps/place/?q=place_id:ChIJm_-4Hnc0GQ0RFnR3_yV_kGU
27,OPERATIONAL,"{'location': {'lat': 38.7088063, 'lng': -9.133937099999999}, 'viewport': {'northeast': {'lat': 38.7101164302915, 'lng': -9.132586719708499}, 'southwest': {'lat': 38.70741846970851, 'lng': -9.135284680291504}}}",https://maps.gstatic.com/mapfiles/place_api/icons/v1/png_71/restaurant-71.png,#FF9E67,https://maps.gstatic.com/mapfiles/place_api/icons/v2/restaurant_pinlet,Peixe ao Paço Marisqueira Contemporânea,{'open_now': False},"[{'height': 4032, 'html_attributions': ['<a href=""https://maps.google.com/maps/contrib/118233941755249604546"">Sveta Shchur</a>'], 'photo_reference': 'Aap_uECC4VYkg7UEphplj1jCkXUCb5ZyGJfk1d6rJ8oWEbqLQiO_SzSR40jA0f6dNYmya4lrw9RtevOyYie_th4Exgj52giZwHczjGccirojHnCmrkKsw5BQzgooI3ZQyCEeq58U-hkniVgx1zFnqNh6nQPpweAmKI1lsOAQnVvZJUHly80r', 'width': 3024}]",ChIJMRdqUnc0GQ0RnV6fgnmlO9Q,"{'compound_code': 'PV58+GC Lisbon, Portugal', 'global_code': '8CCGPV58+GC'}",5.0,ChIJMRdqUnc0GQ0RnV6fgnmlO9Q,GOOGLE,"['restaurant', 'food', 'point_of_interest', 'establishment']",2,"Rua da Alfândega 106, Lisboa",,,https://google.com/maps/place/?q=place_id:ChIJMRdqUnc0GQ0RnV6fgnmlO9Q
28,OPERATIONAL,"{'location': {'lat': 38.7126045, 'lng': -9.139045699999999}, 'viewport': {'northeast': {'lat': 38.71395348029149, 'lng': -9.137696719708497}, 'southwest': {'lat': 38.71125551970849, 'lng': -9.140394680291502}}}",https://maps.gstatic.com/mapfiles/place_api/icons/v1/png_71/restaurant-71.png,#FF9E67,https://maps.gstatic.com/mapfiles/place_api/icons/v2/restaurant_pinlet,Casa Chinesa,{'open_now': True},"[{'height': 534, 'html_attributions': ['<a href=""https://maps.google.com/maps/contrib/112935716440110541226"">Grzegorz Łukaszewicz</a>'], 'photo_reference': 'Aap_uECfG1K6hj0yHlD8b98xMYEOrQdOJfxeWE-svBN0LPeI9rGNjI9CPpGsYe9M4NxaBdoW_jw6zvWQvsuzzCKpKMqJ6Q2T8hfO1oDSpCuISqeE3wYU1Ah4pyC9OACXLEY6blYpaS2On_h7vT2IAyqYy7UYutT_kqZ0yo99XfB1yRLU8Kt0', 'width': 800}]",ChIJ2WClu3g0GQ0R-ahPXUQcPHo,"{'compound_code': 'PV76+29 Lisbon, Portugal', 'global_code': '8CCGPV76+29'}",3.4,ChIJ2WClu3g0GQ0R-ahPXUQcPHo,GOOGLE,"['restaurant', 'food', 'point_of_interest', 'establishment']",363,"Rua Áurea 274, Lisboa",1.0,,https://google.com/maps/place/?q=place_id:ChIJ2WClu3g0GQ0R-ahPXUQcPHo
29,OPERATIONAL,"{'location': {'lat': 38.70908869999999, 'lng': -9.1344385}, 'viewport': {'northeast': {'lat': 38.71050233029149, 'lng': -9.133107869708498}, 'southwest': {'lat': 38.70780436970849, 'lng': -9.1358058302915}}}",https://maps.gstatic.com/mapfiles/place_api/icons/v1/png_71/restaurant-71.png,#FF9E67,https://maps.gstatic.com/mapfiles/place_api/icons/v2/restaurant_pinlet,Adega Triunfo,,"[{'height': 3265, 'html_attributions': ['<a href=""https://maps.google.com/maps/contrib/116983508920223217879"">Wolfgang Weigelt</a>'], 'photo_reference': 'Aap_uEAmYqKQ66C4WmS--93DR96Pw0o-ovyeBs8m5j2tBDri3xTEXElJRwgYE8PKhnVQOR_yWCMl5y9IylBYgi-y-yWDDZNTm8pcnJ0AoHpy583tCvHtRRY9j34WAKakSczfabAwQfUX5pi5MtnoOllbq7YQCXr6qXo8za1i4q7h7XFUKyqs', 'width': 4897}]",ChIJRXmkV3c0GQ0Rk--44jWZbDM,"{'compound_code': 'PV58+J6 Lisbon, Portugal', 'global_code': '8CCGPV58+J6'}",3.7,ChIJRXmkV3c0GQ0Rk--44jWZbDM,GOOGLE,"['restaurant', 'food', 'point_of_interest', 'establishment']",30,"Rua dos Bacalhoeiros 129, Lisboa",,,https://google.com/maps/place/?q=place_id:ChIJRXmkV3c0GQ0Rk--44jWZbDM
30,OPERATIONAL,"{'location': {'lat': 38.7105556, 'lng': -9.1344444}, 'viewport': {'northeast': {'lat': 38.71190458029151, 'lng': -9.133095419708498}, 'southwest': {'lat': 38.70920661970851, 'lng': -9.135793380291503}}}",https://maps.gstatic.com/mapfiles/place_api/icons/v1/png_71/restaurant-71.png,#FF9E67,https://maps.gstatic.com/mapfiles/place_api/icons/v2/restaurant_pinlet,Velha Gaiteira,{'open_now': False},"[{'height': 4032, 'html_attributions': ['<a href=""https://maps.google.com/maps/contrib/111342860521248123222"">Taylor Duwyn</a>'], 'photo_reference': 'Aap_uEDkDgoAaoK-C0NNHD0QO6xLPN0dqcPW7JfTv_JDGZpL8FPMAt9NVentzEAX5MQi4EE18ZT7Y7F1YC0D3_8ITw3TZBQWBmzMRO5K2ancajlb9HKq334p8LggG7MaxkTW_r2zopWFLAzjxwo-rSygVkMsTkclRuBoMzgIhx6j7q6NLnew', 'width': 3024}]",ChIJI_IifXc0GQ0RHj7w-Ri85IA,"{'compound_code': 'PV68+66 Lisbon, Portugal', 'global_code': '8CCGPV68+66'}",4.7,ChIJI_IifXc0GQ0RHj7w-Ri85IA,GOOGLE,"['restaurant', 'food', 'point_of_interest', 'establishment']",608,"Rua Pedras Negras 17, Lisboa",1.0,,https://google.com/maps/place/?q=place_id:ChIJI_IifXc0GQ0RHj7w-Ri85IA
31,OPERATIONAL,"{'location': {'lat': 38.7118111, 'lng': -9.1282861}, 'viewport': {'northeast': {'lat': 38.71316008029149, 'lng': -9.126937119708497}, 'southwest': {'lat': 38.7104621197085, 'lng': -9.129635080291502}}}",https://maps.gstatic.com/mapfiles/place_api/icons/v1/png_71/restaurant-71.png,#FF9E67,https://maps.gstatic.com/mapfiles/place_api/icons/v2/restaurant_pinlet,Alfama Grill,{'open_now': True},"[{'height': 3024, 'html_attributions': ['<a href=""https://maps.google.com/maps/contrib/114496551447164224886"">Maks Poreda</a>'], 'photo_reference': 'Aap_uEBK61PCzUVnfxHn8Nl5igZU6JGD2T2JuZ6bbul49dtYGgwmkQHEQaGrANnxTXGjwhzZaYSFWcs129111w0s6ldgwoa0g2UrDWaQwf2vQQ13lOKUBfFud7LFm8ILuT3_YU7Wbn27Fuijx7hf2N7cw2gixRqgwxdXBvXarkOg59g61vc-', 'width': 4032}]",ChIJUZx70XU0GQ0Rz1MT17wAPmA,"{'compound_code': 'PV6C+PM Lisbon, Portugal', 'global_code': '8CCGPV6C+PM'}",3.4,ChIJUZx70XU0GQ0Rz1MT17wAPmA,GOOGLE,"['bar', 'liquor_store', 'restaurant', 'food', 'point_of_interest', 'store', 'establishment']",567,"Rua da Regueira 26, Lisboa",2.0,,https://google.com/maps/place/?q=place_id:ChIJUZx70XU0GQ0Rz1MT17wAPmA
32,OPERATIONAL,"{'location': {'lat': 38.709021, 'lng': -9.1325358}, 'viewport': {'northeast': {'lat': 38.71045713029149, 'lng': -9.131462919708499}, 'southwest': {'lat': 38.7077591697085, 'lng': -9.134160880291503}}}",https://maps.gstatic.com/mapfiles/place_api/icons/v1/png_71/restaurant-71.png,#FF9E67,https://maps.gstatic.com/mapfiles/place_api/icons/v2/restaurant_pinlet,Adega do Atum,{'open_now': True},"[{'height': 4032, 'html_attributions': ['<a href=""https://maps.google.com/maps/contrib/114088112664046326129"">Giovanni Venegas</a>'], 'photo_reference': 'Aap_uEBxxL8RhTr_cIVnNf4RyWNAI_uxO-9sWv-UlVB3LfnLMaBC6LvMvkD8LPKcZSJJECr8AlT1A9VA7haiYAdgFr9STk9Efoox4E0wpmjPCWaN11wL_fGr9ggc4Gp3HvbOLJCdJRK4k_gSbY8FWY0nxZYRKXYXdbQg7wXmUURWtGRoOiI8', 'width': 3024}]",ChIJowQwMnc0GQ0R8D6CPGXNVOg,"{'compound_code': 'PV58+JX Lisbon, Portugal', 'global_code': '8CCGPV58+JX'}",3.9,ChIJowQwMnc0GQ0R8D6CPGXNVOg,GOOGLE,"['restaurant', 'food', 'point_of_interest', 'establishment']",436,"Rua dos Bacalhoeiros 8c, Lisboa",,,https://google.com/maps/place/?q=place_id:ChIJowQwMnc0GQ0R8D6CPGXNVOg
33,OPERATIONAL,"{'location': {'lat': 38.7121963, 'lng': -9.1377676}, 'viewport': {'northeast': {'lat': 38.7137176802915, 'lng': -9.136358469708496}, 'southwest': {'lat': 38.7110197197085, 'lng': -9.1390564302915}}}",https://maps.gstatic.com/mapfiles/place_api/icons/v1/png_71/restaurant-71.png,#FF9E67,https://maps.gstatic.com/mapfiles/place_api/icons/v2/restaurant_pinlet,Restaurante Adega Friagem,{'open_now': True},"[{'height': 3127, 'html_attributions': ['<a href=""https://maps.google.com/maps/contrib/110913934727450712684"">Cian Craeye</a>'], 'photo_reference': 'Aap_uEAfqSsL7vodbOiwNVBxLiYh9P2lVFRWesi9mr-ZD_0Pp9DI8h7MOGOOl1ZAFr63T6zH_rgI3iA1uh1XCxftTDZXvhnXfUPcjgsT4a-3lnZ84nasDhDeoBnzrDzr-by_AmW3O0-V4jXAOcGgND8ZhLnlr-OdaM7EYdP6EAQuIY9X8o74', 'width': 5413}]",ChIJ49Prmng0GQ0RZOlr71a88eg,"{'compound_code': 'PV66+VV Lisbon, Portugal', 'global_code': '8CCGPV66+VV'}",4.0,ChIJ49Prmng0GQ0RZOlr71a88eg,GOOGLE,"['restaurant', 'food', 'point_of_interest', 'establishment']",113,"Rua dos Correeiros 170, Lisboa",,,https://google.com/maps/place/?q=place_id:ChIJ49Prmng0GQ0RZOlr71a88eg
34,OPERATIONAL,"{'location': {'lat': 38.7122639, 'lng': -9.137835299999999}, 'viewport': {'northeast': {'lat': 38.71375598029149, 'lng': -9.136373269708498}, 'southwest': {'lat': 38.7110580197085, 'lng': -9.139071230291503}}}",https://maps.gstatic.com/mapfiles/place_api/icons/v1/png_71/restaurant-71.png,#FF9E67,https://maps.gstatic.com/mapfiles/place_api/icons/v2/restaurant_pinlet,Ena Pai!,{'open_now': True},"[{'height': 3000, 'html_attributions': ['<a href=""https://maps.google.com/maps/contrib/115649275303264675255"">Mic Rai</a>'], 'photo_reference': 'Aap_uEBtIwFq7SzUJPdF4FEyqmq7TQNcCi2DuoGETocKk8wv_yTC1C1swjMqB3IUmUkiuG-NeHpaqFdomANbPXJNrEOxT6RTVG5m6PtjPKLj2QcZMp3km1jCiCEuM1_t_1Hlo5jFIdR9y6jOK2pKwmcqb-uctNQL-NcoCTRhPDzjUotMVbE', 'width': 5333}]",ChIJlUzhjHg0GQ0RnTopn8eOK9s,"{'compound_code': 'PV66+WV Lisbon, Portugal', 'global_code': '8CCGPV66+WV'}",4.0,ChIJlUzhjHg0GQ0RnTopn8eOK9s,GOOGLE,"['restaurant', 'food', 'point_of_interest', 'establishment']",181,"Rua dos Correeiros 180, Lisboa",2.0,,https://google.com/maps/place/?q=place_id:ChIJlUzhjHg0GQ0RnTopn8eOK9s
35,OPERATIONAL,"{'location': {'lat': 38.7127538, 'lng': -9.1290889}, 'viewport': {'northeast': {'lat': 38.7141027802915, 'lng': -9.127739919708496}, 'southwest': {'lat': 38.7114048197085, 'lng': -9.1304378802915}}}",https://maps.gstatic.com/mapfiles/place_api/icons/v1/png_71/cafe-71.png,#FF9E67,https://maps.gstatic.com/mapfiles/place_api/icons/v2/cafe_pinlet,Charlot Alfama,{'open_now': True},"[{'height': 3120, 'html_attributions': ['<a href=""https://maps.google.com/maps/contrib/112623764889335924656"">Charlot Alfama</a>'], 'photo_reference': 'Aap_uEBcIIhIUWn8RP3Cw50g9ZL1VClqS6qYHKkBk9WuYVyzrkz30PK884tAhMsaXjwfrVGTm1AtqKM0YdFw4LFmAkTDLohqpHUdbIDktZl8TsJedHE5CWVOAAXb9pLxOj1WnjH6w48Y5NoUyUQqbegGobnp8ol7Sx5edy4l6Gw8aNl2MyfV', 'width': 4160}]",ChIJ8RRqdXY0GQ0RiEYrO9FxQy4,"{'compound_code': 'PV7C+49 Lisbon, Portugal', 'global_code': '8CCGPV7C+49'}",4.6,ChIJ8RRqdXY0GQ0RiEYrO9FxQy4,GOOGLE,"['cafe', 'bar', 'restaurant', 'food', 'point_of_interest', 'store', 'establishment']",51,R. Escolas Gerais 59A,,,https://google.com/maps/place/?q=place_id:ChIJ8RRqdXY0GQ0RiEYrO9FxQy4
36,OPERATIONAL,"{'location': {'lat': 38.7088107, 'lng': -9.133965399999997}, 'viewport': {'northeast': {'lat': 38.7101183302915, 'lng': -9.132614919708496}, 'southwest': {'lat': 38.7074203697085, 'lng': -9.135312880291501}}}",https://maps.gstatic.com/mapfiles/place_api/icons/v1/png_71/restaurant-71.png,#FF9E67,https://maps.gstatic.com/mapfiles/place_api/icons/v2/restaurant_pinlet,Já te dou o arroz,{'open_now': False},"[{'height': 2448, 'html_attributions': ['<a href=""https://maps.google.com/maps/contrib/118226229902618327240"">Rui Gomes</a>'], 'photo_reference': 'Aap_uECn5ntTlOjc-L_vTrmhaW9CIGtaqGogDEPYqKtPvYQvClsYdkY-SUFLX4X3P_8PuaB2VLESNgfUEkecXPZ375W3A1Jw7t4YjAfUi0AH0pEh7RVQ4ZHIjg5GmsqcAbyQNMkhpumndCeHly1dBsrs0iRRDk7WtArIJLXhigD_FeJDPmx4', 'width': 2963}]",ChIJm9dGUnc0GQ0R2d5Ad3p4MBM,"{'compound_code': 'PV58+GC Lisbon, Portugal', 'global_code': '8CCGPV58+GC'}",3.0,ChIJm9dGUnc0GQ0R2d5Ad3p4MBM,GOOGLE,"['restaurant', 'food', 'point_of_interest', 'establishment']",5,"Rua da Alfândega 106, Lisboa",,,https://google.com/maps/place/?q=place_id:ChIJm9dGUnc0GQ0R2d5Ad3p4MBM
37,OPERATIONAL,"{'location': {'lat': 38.70880080000001, 'lng': -9.134467899999999}, 'viewport': {'northeast': {'lat': 38.7101141802915, 'lng': -9.133107319708497}, 'southwest': {'lat': 38.7074162197085, 'lng': -9.135805280291502}}}",https://maps.gstatic.com/mapfiles/place_api/icons/v1/png_71/restaurant-71.png,#FF9E67,https://maps.gstatic.com/mapfiles/place_api/icons/v2/restaurant_pinlet,Brunch Café,{'open_now': False},"[{'height': 627, 'html_attributions': ['<a href=""https://maps.google.com/maps/contrib/117276683500428272308"">Brunch Café</a>'], 'photo_reference': 'Aap_uEB3tQLGoy-aRzKYpIc-7rq3KdTAeo1DYYPhuoEXdPsMW6wMg3KiS_lXxkntjrzBWYnhTqGIOVHQ9VhnmOhwDWODcjIDFUD3LcyGL6RRLwiNHbpkNQdDlEUEhKMaMAbwrK3VJsC1tgGXADR1TPHR74atzX6nd01HZV-ZuoyzeGxz36M', 'width': 807}]",ChIJfT_qVXc0GQ0RqqOvD9R7EiI,"{'compound_code': 'PV58+G6 Lisbon, Portugal', 'global_code': '8CCGPV58+G6'}",4.4,ChIJfT_qVXc0GQ0RqqOvD9R7EiI,GOOGLE,"['restaurant', 'food', 'point_of_interest', 'establishment']",1050,"Rua da Alfândega 120, Lisboa",2.0,,https://google.com/maps/place/?q=place_id:ChIJfT_qVXc0GQ0RqqOvD9R7EiI
38,OPERATIONAL,"{'location': {'lat': 38.70915259999999, 'lng': -9.134745299999997}, 'viewport': {'northeast': {'lat': 38.7105346802915, 'lng': -9.133355769708498}, 'southwest': {'lat': 38.7078367197085, 'lng': -9.136053730291502}}}",https://maps.gstatic.com/mapfiles/place_api/icons/v1/png_71/restaurant-71.png,#FF9E67,https://maps.gstatic.com/mapfiles/place_api/icons/v2/restaurant_pinlet,Tábuas Porto Wine Tavern,{'open_now': True},"[{'height': 1360, 'html_attributions': ['<a href=""https://maps.google.com/maps/contrib/107577348957021903445"">Tábuas Porto Wine Tavern</a>'], 'photo_reference': 'Aap_uECX1uODD-wbvqwYFI56SK4oKpIIx6EteZr-C4vCY0kSMijxnUUr6sfd3gBFoNO6RozWo12-89eH-rnWFvD_eSFAKeVHuUzs5mUyNhmmKDIxRMmzbzp0EkhKIQIkDPiRChIsd_RRdbBSTJ7-m-Zqkp0MBFLL5q3HJEJLlaM510jmTWio', 'width': 2048}]",ChIJz5bT_Hk0GQ0Rl1NiAocKGw0,"{'compound_code': 'PV58+M4 Lisbon, Portugal', 'global_code': '8CCGPV58+M4'}",4.4,ChIJz5bT_Hk0GQ0Rl1NiAocKGw0,GOOGLE,"['restaurant', 'food', 'point_of_interest', 'establishment']",573,"Portugal, Rua dos Bacalhoeiros 143, Lisboa",2.0,,https://google.com/maps/place/?q=place_id:ChIJz5bT_Hk0GQ0Rl1NiAocKGw0
39,OPERATIONAL,"{'location': {'lat': 38.709405, 'lng': -9.1340805}, 'viewport': {'northeast': {'lat': 38.71075388029151, 'lng': -9.132647169708497}, 'southwest': {'lat': 38.70805591970851, 'lng': -9.135345130291501}}}",https://maps.gstatic.com/mapfiles/place_api/icons/v1/png_71/bar-71.png,#FF9E67,https://maps.gstatic.com/mapfiles/place_api/icons/v2/bar_pinlet,Outro Lado,{'open_now': True},"[{'height': 3024, 'html_attributions': ['<a href=""https://maps.google.com/maps/contrib/111210229797981796039"">Ramy Raoof</a>'], 'photo_reference': 'Aap_uEBBo1D4gQ4cWhJGCVV-ma4hya0gSQKR-AQuGIfsQGCzvxR6_Wwta_7KzgevkmLLqLE_JqldKiMpqImO4E_r9o7L3yA4O5KP1LZt4XoOVcyrIQTu3VH4pTP7OYvsdMXRgh-dQ3cj1KbIkouIM3cK5yyX9JLBWRomxafmEj1Eop7_UBbO', 'width': 4032}]",ChIJtZ6xW3c0GQ0R6mJZ9U06dpo,"{'compound_code': 'PV58+Q9 Lisbon, Portugal', 'global_code': '8CCGPV58+Q9'}",4.6,ChIJtZ6xW3c0GQ0R6mJZ9U06dpo,GOOGLE,"['bar', 'restaurant', 'food', 'point_of_interest', 'establishment']",572,"Beco do Arco Escuro 1, Lisboa",2.0,,https://google.com/maps/place/?q=place_id:ChIJtZ6xW3c0GQ0R6mJZ9U06dpo
40,OPERATIONAL,"{'location': {'lat': 38.7096501, 'lng': -9.135145299999998}, 'viewport': {'northeast': {'lat': 38.71099908029149, 'lng': -9.133796319708495}, 'southwest': {'lat': 38.7083011197085, 'lng': -9.1364942802915}}}",https://maps.gstatic.com/mapfiles/place_api/icons/v1/png_71/restaurant-71.png,#FF9E67,https://maps.gstatic.com/mapfiles/place_api/icons/v2/restaurant_pinlet,Tasca Kome,{'open_now': False},"[{'height': 3024, 'html_attributions': ['<a href=""https://maps.google.com/maps/contrib/101901891377067892808"">MIA LUIS</a>'], 'photo_reference': 'Aap_uEAePsenaaRK96g8VhYGv8syxhnlJMRWeDZKmITL4Sng8D4dfSeFTHgivsHlbGJJhzK7-JskqsbHALa590mYNTDdTUPxj6Ujgdonr28yjVAVACtNIhtbx933bP9C6cQPUVnyHeJeqs0Y66kDANmFTKlaSlJj1KWNFchMWGJm5O2QWSkQ', 'width': 4032}]",ChIJTUz45nk0GQ0RA4452z3z3c4,"{'compound_code': 'PV57+VW Lisbon, Portugal', 'global_code': '8CCGPV57+VW'}",4.6,ChIJTUz45nk0GQ0RA4452z3z3c4,GOOGLE,"['restaurant', 'food', 'point_of_interest', 'establishment']",602,"Rua da Madalena 57, Lisboa",2.0,,https://google.com/maps/place/?q=place_id:ChIJTUz45nk0GQ0RA4452z3z3c4
41,OPERATIONAL,"{'location': {'lat': 38.7091723, 'lng': -9.1359567}, 'viewport': {'northeast': {'lat': 38.71052128029149, 'lng': -9.134607719708498}, 'southwest': {'lat': 38.7078233197085, 'lng': -9.137305680291503}}}",https://maps.gstatic.com/mapfiles/place_api/icons/v1/png_71/lodging-71.png,#909CE1,https://maps.gstatic.com/mapfiles/place_api/icons/v2/hotel_pinlet,Pestana CR7 Lisboa,{'open_now': True},"[{'height': 3337, 'html_attributions': ['<a href=""https://maps.google.com/maps/contrib/115554099072731330240"">Pestana CR7 Lisboa</a>'], 'photo_reference': 'Aap_uEDpJ6M3AuYQ-vDpiC6Bmseez0g6fkxrVWM2skUWl5DhilZjGoLs1BIjMpG34KKFv-c951j0YPTlgodoGrcXcesZyoKegtch2TF3qbdvozUzu0skUeCkyhJ9i9_YbTYXHsZoUICAryl36xB-k1iNGikpP7f7fXcXIyP7NZ6mh8eCemVt', 'width': 5000}]",ChIJv6YWhXk0GQ0R59NpitREJ8o,"{'compound_code': 'PV57+MJ Lisbon, Portugal', 'global_code': '8CCGPV57+MJ'}",4.4,ChIJv6YWhXk0GQ0R59NpitREJ8o,GOOGLE,"['lodging', 'bar', 'restaurant', 'food', 'point_of_interest', 'establishment']",1058,"Rua do Comércio 54, Lisboa",,,https://google.com/maps/place/?q=place_id:ChIJv6YWhXk0GQ0R59NpitREJ8o
42,OPERATIONAL,"{'location': {'lat': 38.7098064, 'lng': -9.134952799999999}, 'viewport': {'northeast': {'lat': 38.71115538029149, 'lng': -9.133603819708497}, 'southwest': {'lat': 38.70845741970849, 'lng': -9.136301780291502}}}",https://maps.gstatic.com/mapfiles/place_api/icons/v1/png_71/restaurant-71.png,#FF9E67,https://maps.gstatic.com/mapfiles/place_api/icons/v2/restaurant_pinlet,Eating Bear,{'open_now': True},"[{'height': 4000, 'html_attributions': ['<a href=""https://maps.google.com/maps/contrib/109824912409740045713"">Eating Bear</a>'], 'photo_reference': 'Aap_uEAb8XVyx_QF1eQd5hUqgcprVisUTdReN1zWa7kA9g2-ni2yHHLHWke3w7RK_43tXImWgOX0ARh66ILp9sXnxH7S8Erp6McIezcUxtoKzhMrBe-COQRuu8o3-EBg3Zo8xEKwrKNS3OZTlRdPtWtXBNCGaVnIpABOdEuWLJfDmLyZgZvk', 'width': 6000}]",ChIJLz723Xk0GQ0RZxeOEVsCpDQ,"{'compound_code': 'PV58+W2 Lisbon, Portugal', 'global_code': '8CCGPV58+W2'}",4.5,ChIJLz723Xk0GQ0RZxeOEVsCpDQ,GOOGLE,"['bar', 'restaurant', 'food', 'point_of_interest', 'establishment']",389,"Rua da Madalena 62/64, Lisboa",2.0,,https://google.com/maps/place/?q=place_id:ChIJLz723Xk0GQ0RZxeOEVsCpDQ
43,OPERATIONAL,"{'location': {'lat': 38.7096326, 'lng': -9.131000599999998}, 'viewport': {'northeast': {'lat': 38.71097683029149, 'lng': -9.129651219708498}, 'southwest': {'lat': 38.70827886970849, 'lng': -9.132349180291502}}}",https://maps.gstatic.com/mapfiles/place_api/icons/v1/png_71/restaurant-71.png,#FF9E67,https://maps.gstatic.com/mapfiles/place_api/icons/v2/restaurant_pinlet,Fado CLUB,,"[{'height': 3024, 'html_attributions': ['<a href=""https://maps.google.com/maps/contrib/104127480721628491254"">Mark Shannon</a>'], 'photo_reference': 'Aap_uEDOU_RIgoGwPZK2FKk4NAP9vi5Tk3VadvJJ8hHXGXTA6MagDbHWhAjQQaJULl9KXHT5D1m6_QB4Nkf8r4YY-MhDNowHUPUQRQ6Ek4D9H_5jSeA7xZb8Twaz3FeLj8ig-hdkAhWVBq54H-B6gX6oKTEz30WH5eYwL7no_w7i2NJnAvCs', 'width': 4032}]",ChIJkYDgxHY0GQ0RV9hX59AvMRU,"{'compound_code': 'PV59+VH Lisbon, Portugal', 'global_code': '8CCGPV59+VH'}",3.4,ChIJkYDgxHY0GQ0RV9hX59AvMRU,GOOGLE,"['restaurant', 'food', 'point_of_interest', 'establishment']",5,"Rua de São João da Praça 86, Lisboa",,,https://google.com/maps/place/?q=place_id:ChIJkYDgxHY0GQ0RV9hX59AvMRU
44,OPERATIONAL,"{'location': {'lat': 38.71202469999999, 'lng': -9.138730699999998}, 'viewport': {'northeast': {'lat': 38.71337713029149, 'lng': -9.137367219708496}, 'southwest': {'lat': 38.71067916970849, 'lng': -9.1400651802915}}}",https://maps.gstatic.com/mapfiles/place_api/icons/v1/png_71/restaurant-71.png,#FF9E67,https://maps.gstatic.com/mapfiles/place_api/icons/v2/restaurant_pinlet,Uma,{'open_now': True},"[{'height': 3024, 'html_attributions': ['<a href=""https://maps.google.com/maps/contrib/108900942927383629718"">Stephen Tang</a>'], 'photo_reference': 'Aap_uEAoyRDcCkZR-w3JVOe7g_QeOitxJLTamOWXZz3yMl-IDSNWgvnUzUcpgXiRvPksIKhdS4BlNBiBxFWw26RAFh_DheOHbaUtwI76IavOueXys1PCzXW9GOrQiD5vIQ4HouDSoJiuzEDN-Dv_zCdku3R9cX8ws0ZF4YopMV5MfSwNtPw2', 'width': 4032}]",ChIJU0ckwHg0GQ0RGFRTQgsiyxU,"{'compound_code': 'PV66+RG Lisbon, Portugal', 'global_code': '8CCGPV66+RG'}",4.1,ChIJU0ckwHg0GQ0RGFRTQgsiyxU,GOOGLE,"['restaurant', 'food', 'point_of_interest', 'establishment']",2856,"Rua dos Sapateiros 177, Lisboa",1.0,,https://google.com/maps/place/?q=place_id:ChIJU0ckwHg0GQ0RGFRTQgsiyxU
45,OPERATIONAL,"{'location': {'lat': 38.7095441, 'lng': -9.136092099999999}, 'viewport': {'northeast': {'lat': 38.71089308029151, 'lng': -9.134743119708498}, 'southwest': {'lat': 38.70819511970851, 'lng': -9.1374410802915}}}",https://maps.gstatic.com/mapfiles/place_api/icons/v1/png_71/restaurant-71.png,#FF9E67,https://maps.gstatic.com/mapfiles/place_api/icons/v2/restaurant_pinlet,Bella Ciao - Cantina Italiana,{'open_now': False},"[{'height': 4000, 'html_attributions': ['<a href=""https://maps.google.com/maps/contrib/106775914964137789767"">Bella Ciao - Cantina Italiana</a>'], 'photo_reference': 'Aap_uEBFdz6XXJkJps2Oa4xkKSCXwXCS8oOAowbEdICdDUwoYR67wmcKqgUhNxJo3hqRU3G504m8rabLt6g2Vx_0Lphf5vizVb9ldWw1tCv-91IkDpAD-BoSW5fSXzPiIv259Y80Qp0l4uIt7mmRpt1GIlF-ztBMHrTaoUpklbSlu3Vy5vJS', 'width': 6000}]",ChIJB_h7FXk0GQ0R9sM6ixmpJgk,"{'compound_code': 'PV57+RH Lisbon, Portugal', 'global_code': '8CCGPV57+RH'}",4.2,ChIJB_h7FXk0GQ0R9sM6ixmpJgk,GOOGLE,"['restaurant', 'food', 'point_of_interest', 'establishment']",545,"Rua de São Julião 74 76, Lisboa",1.0,,https://google.com/maps/place/?q=place_id:ChIJB_h7FXk0GQ0R9sM6ixmpJgk
46,OPERATIONAL,"{'location': {'lat': 38.71012839999999, 'lng': -9.135304999999999}, 'viewport': {'northeast': {'lat': 38.7114773802915, 'lng': -9.133956019708496}, 'southwest': {'lat': 38.7087794197085, 'lng': -9.1366539802915}}}",https://maps.gstatic.com/mapfiles/place_api/icons/v1/png_71/restaurant-71.png,#FF9E67,https://maps.gstatic.com/mapfiles/place_api/icons/v2/restaurant_pinlet,Queijaria Nacional,{'open_now': True},"[{'height': 1152, 'html_attributions': ['<a href=""https://maps.google.com/maps/contrib/117705296998110157533"">Reno DASILVA</a>'], 'photo_reference': 'Aap_uEANvMfU6-jal8m-s9du7EdoMA5K48InSdN-ehK6rVL3LoJoIU1xmKztDXeNh2I_F4bjXohmAU4gUn8kufd7iieaj9C8x_Hj-rfsHneVXgl0bKcuLKvbie517Ju9R41s8gLHkTBdPfHbXZvL4eC5GvTa-VKu0fYCQCLD2SdJW4P38GZm', 'width': 2048}]",ChIJF-1_w3k0GQ0RoYDyzT4A9jw,"{'compound_code': 'PV67+3V Lisbon, Portugal', 'global_code': '8CCGPV67+3V'}",4.3,ChIJF-1_w3k0GQ0RoYDyzT4A9jw,GOOGLE,"['restaurant', 'food', 'point_of_interest', 'establishment']",145,"Rua da Conceição 8, Lisboa",2.0,,https://google.com/maps/place/?q=place_id:ChIJF-1_w3k0GQ0RoYDyzT4A9jw
47,OPERATIONAL,"{'location': {'lat': 38.7093752, 'lng': -9.130048000000002}, 'viewport': {'northeast': {'lat': 38.7106738302915, 'lng': -9.1286440697085}, 'southwest': {'lat': 38.7079758697085, 'lng': -9.131342030291504}}}",https://maps.gstatic.com/mapfiles/place_api/icons/v1/png_71/restaurant-71.png,#FF9E67,https://maps.gstatic.com/mapfiles/place_api/icons/v2/restaurant_pinlet,Maruto,{'open_now': True},"[{'height': 3024, 'html_attributions': ['<a href=""https://maps.google.com/maps/contrib/100241047121875700803"">David Gageot</a>'], 'photo_reference': 'Aap_uEAa6b6TBqMqNvZ_saFGoNiBF2MPsxKeFpP7OIP6RNr85SaFs4cFVISrxXCsYSXqtsOOTKiFWx15OeWAnD9iobCyaiqOxIB36gbLNMVlCEx4juB8DVErei54QZQKFpcFMxlYNAn8KhEvgnCGhiLev4j8DaocAmJIVS5P8nQykwMd7_Kz', 'width': 4032}]",ChIJw-6A0nY0GQ0RnHEj9DaohqE,"{'compound_code': 'PV59+QX Lisbon, Portugal', 'global_code': '8CCGPV59+QX'}",4.6,ChIJw-6A0nY0GQ0RnHEj9DaohqE,GOOGLE,"['restaurant', 'food', 'point_of_interest', 'establishment']",508,"Rua Cais de Santarém 30, Lisboa",2.0,,https://google.com/maps/place/?q=place_id:ChIJw-6A0nY0GQ0RnHEj9DaohqE
48,OPERATIONAL,"{'location': {'lat': 38.7096076, 'lng': -9.1362697}, 'viewport': {'northeast': {'lat': 38.7109376802915, 'lng': -9.134971919708496}, 'southwest': {'lat': 38.7082397197085, 'lng': -9.1376698802915}}}",https://maps.gstatic.com/mapfiles/place_api/icons/v1/png_71/restaurant-71.png,#FF9E67,https://maps.gstatic.com/mapfiles/place_api/icons/v2/restaurant_pinlet,daPrata52 - Petiscos ¦ Tapas,{'open_now': False},"[{'height': 4480, 'html_attributions': ['<a href=""https://maps.google.com/maps/contrib/107777969020577985428"">daPrata52 - Petiscos ¦ Tapas</a>'], 'photo_reference': 'Aap_uEDmnvjRlTrwTjlxgnvajKi5ToYK40guUSlN1qdb9l_avVRqvecRHK3jZ43HTDFkL-Ww5B7jjS3pkXOWGtqxXs2iqmfUGo7CqTT9tnjtUni4jKa8uxXm4d6ClXad9f6cFyXNH1-0utrjMt845h_eh14OyZx728Rk2KGXVS5XC5OsvQAg', 'width': 6720}]",ChIJ1z55lnk0GQ0RkxInEuF7yEU,"{'compound_code': 'PV57+RF Lisbon, Portugal', 'global_code': '8CCGPV57+RF'}",4.7,ChIJ1z55lnk0GQ0RkxInEuF7yEU,GOOGLE,"['bar', 'restaurant', 'food', 'point_of_interest', 'establishment']",1169,"Rua da Prata 52, Lisboa",2.0,,https://google.com/maps/place/?q=place_id:ChIJ1z55lnk0GQ0RkxInEuF7yEU
49,OPERATIONAL,"{'location': {'lat': 38.70990009999999, 'lng': -9.136294999999999}, 'viewport': {'northeast': {'lat': 38.71124908029149, 'lng': -9.134946019708497}, 'southwest': {'lat': 38.7085511197085, 'lng': -9.137643980291502}}}",https://maps.gstatic.com/mapfiles/place_api/icons/v1/png_71/restaurant-71.png,#FF9E67,https://maps.gstatic.com/mapfiles/place_api/icons/v2/restaurant_pinlet,Pizzeria Romana al Taglio,{'open_now': True},"[{'height': 3951, 'html_attributions': ['<a href=""https://maps.google.com/maps/contrib/112720537499240135229"">Pizzeria Romana al Taglio</a>'], 'photo_reference': 'Aap_uEA1GIfxrHvALy9QLbshBUnARKQKKgHoFPAcSQUwyKjWC5lWdN3PnQkDa-g0JuMibo9fRx3NMuL8t_sSgOaX9Wlru2VtDbTdI8dsTtjNQkG0j-qO2Wraf7zo3wNQBPBEY4X6i4hQ9cABpCfd8AWN9PVoY4bYHJHqNXL5R0WYGyZhK77L', 'width': 2532}]",ChIJXwMsvHk0GQ0RqSC4u_InL5w,"{'compound_code': 'PV57+XF Lisbon, Portugal', 'global_code': '8CCGPV57+XF'}",4.5,ChIJXwMsvHk0GQ0RqSC4u_InL5w,GOOGLE,"['meal_takeaway', 'restaurant', 'food', 'point_of_interest', 'establishment']",752,"Rua da Conceição 44, Lisboa",1.0,,https://google.com/maps/place/?q=place_id:ChIJXwMsvHk0GQ0RqSC4u_InL5w
50,OPERATIONAL,"{'location': {'lat': 38.70930259999999, 'lng': -9.137066999999998}, 'viewport': {'northeast': {'lat': 38.71061488029149, 'lng': -9.135754269708496}, 'southwest': {'lat': 38.7079169197085, 'lng': -9.1384522302915}}}",https://maps.gstatic.com/mapfiles/place_api/icons/v1/png_71/restaurant-71.png,#FF9E67,https://maps.gstatic.com/mapfiles/place_api/icons/v2/restaurant_pinlet,Pastelaria Néné,{'open_now': True},"[{'height': 607, 'html_attributions': ['<a href=""https://maps.google.com/maps/contrib/114448002760408415706"">Pastelaria Néné</a>'], 'photo_reference': 'Aap_uEDRfaEgx4jO2AcwhTiEZ0EdBUlxyW5pXSg2IC1DaNkbmw_wUmzUXa2ShIWd2vXZ5s6RvFj_HyoqBuUO-WIoYgXOBow6JCXUBwhgZws5DJUxYp2yJTy6xiyGCXpHg9i9hdxrn29PoahD9Rj2Ehv5nfRAIZnfey3GCxbxdPYkXBPMPTf1', 'width': 1080}]",ChIJHwJjnnk0GQ0RkCWBP5_jH7s,"{'compound_code': 'PV57+P5 Lisbon, Portugal', 'global_code': '8CCGPV57+P5'}",3.7,ChIJHwJjnnk0GQ0RkCWBP5_jH7s,GOOGLE,"['restaurant', 'bakery', 'cafe', 'bar', 'food', 'point_of_interest', 'store', 'establishment']",353,"Rua Augusta 42, Lisboa",2.0,,https://google.com/maps/place/?q=place_id:ChIJHwJjnnk0GQ0RkCWBP5_jH7s
51,OPERATIONAL,"{'location': {'lat': 38.708193, 'lng': -9.1377949}, 'viewport': {'northeast': {'lat': 38.7094993302915, 'lng': -9.136435669708495}, 'southwest': {'lat': 38.7068013697085, 'lng': -9.1391336302915}}}",https://maps.gstatic.com/mapfiles/place_api/icons/v1/png_71/restaurant-71.png,#FF9E67,https://maps.gstatic.com/mapfiles/place_api/icons/v2/restaurant_pinlet,RIB - Beef & Wine Lisboa,{'open_now': True},"[{'height': 4032, 'html_attributions': ['<a href=""https://maps.google.com/maps/contrib/113760352014087267818"">José Manuel Fernandes</a>'], 'photo_reference': 'Aap_uEA71OWe1lOUtOayjjxEF0fIDeQG-EDbp-3mxlIYJvaVlSkbiKcSTk0WXhQwzkQNEPbx7DnKOs_sdHiLMPgy4oYqho6tSiBZjuONgFML4565xjW6clDgNEwHot1DzIxGZF6iisIvzQdcC-pppkz3dno419V9f0HsVgsbVxGYJLHp8pVy', 'width': 3024}]",ChIJTfPM1ns0GQ0RfGpr-qrulY8,"{'compound_code': 'PV56+7V Lisbon, Portugal', 'global_code': '8CCGPV56+7V'}",4.4,ChIJTfPM1ns0GQ0RfGpr-qrulY8,GOOGLE,"['restaurant', 'food', 'point_of_interest', 'establishment']",510,"Praça do Comércio 31A, Lisboa",2.0,,https://google.com/maps/place/?q=place_id:ChIJTfPM1ns0GQ0RfGpr-qrulY8
52,OPERATIONAL,"{'location': {'lat': 38.7094546, 'lng': -9.1375209}, 'viewport': {'northeast': {'lat': 38.7108394802915, 'lng': -9.136186069708497}, 'southwest': {'lat': 38.7081415197085, 'lng': -9.138884030291502}}}",https://maps.gstatic.com/mapfiles/place_api/icons/v1/png_71/restaurant-71.png,#FF9E67,https://maps.gstatic.com/mapfiles/place_api/icons/v2/restaurant_pinlet,Kiku,{'open_now': False},"[{'height': 2448, 'html_attributions': ['<a href=""https://maps.google.com/maps/contrib/100698241301666057847"">Kiku</a>'], 'photo_reference': 'Aap_uEAx6MdN1N3qr9jalMoaDQx91UqRj95XkPW1hVGSoZ7yFpEkK_DGCBIAh-Jm8StZNnhnbCgr_mTi6RJupOutR-2xKtBMdpIJLaPx-oRK1tqBcsS-toXBtRtfc1qxrYwQzCrWYg-rGgJZjkukl0DTa9KgRRjwhtkb63pX9MRk1DsmZkMS', 'width': 3264}]",ChIJjYb5dHk0GQ0RYmVB0zvyCmY,"{'compound_code': 'PV56+QX Lisbon, Portugal', 'global_code': '8CCGPV56+QX'}",4.1,ChIJjYb5dHk0GQ0RYmVB0zvyCmY,GOOGLE,"['restaurant', 'food', 'point_of_interest', 'establishment']",867,"Rua da Conceição 111, Lisboa",1.0,,https://google.com/maps/place/?q=place_id:ChIJjYb5dHk0GQ0RYmVB0zvyCmY
53,OPERATIONAL,"{'location': {'lat': 38.7102878, 'lng': -9.1298532}, 'viewport': {'northeast': {'lat': 38.7116148302915, 'lng': -9.128451819708497}, 'southwest': {'lat': 38.7089168697085, 'lng': -9.131149780291501}}}",https://maps.gstatic.com/mapfiles/place_api/icons/v1/png_71/restaurant-71.png,#FF9E67,https://maps.gstatic.com/mapfiles/place_api/icons/v2/restaurant_pinlet,Fado em Si - Casa de Fados,{'open_now': False},"[{'height': 1280, 'html_attributions': ['<a href=""https://maps.google.com/maps/contrib/103010687136880656913"">Fado em Si - Casa de Fados</a>'], 'photo_reference': 'Aap_uEB3eOWoe-q9eD11na3EWjoKXoad1b5XQequM7zTgR2HG8xPsJHwwe1DWgV_Gx5mopmT0XXHPigh5RIMegizzTzmFh9VW-SG2KBCkUmcRuKoZXX0TPT5-HCmI2Opo5TDrbDVryHzHC6lCfGqlGl8Muld2ca0alYJCH83VRNQ1BQ4xmjN', 'width': 1920}]",ChIJdbhFxXY0GQ0RixvYsJ3CBZE,"{'compound_code': 'PV6C+43 Lisbon, Portugal', 'global_code': '8CCGPV6C+43'}",4.0,ChIJdbhFxXY0GQ0RixvYsJ3CBZE,GOOGLE,"['restaurant', 'food', 'point_of_interest', 'establishment']",253,"Rua de São João da Praça 18, Lisboa",3.0,,https://google.com/maps/place/?q=place_id:ChIJdbhFxXY0GQ0RixvYsJ3CBZE
54,OPERATIONAL,"{'location': {'lat': 38.7103964, 'lng': -9.136865600000002}, 'viewport': {'northeast': {'lat': 38.7117453802915, 'lng': -9.1355166197085}, 'southwest': {'lat': 38.7090474197085, 'lng': -9.138214580291505}}}",https://maps.gstatic.com/mapfiles/place_api/icons/v1/png_71/restaurant-71.png,#FF9E67,https://maps.gstatic.com/mapfiles/place_api/icons/v2/restaurant_pinlet,La Vita è Bella,{'open_now': True},"[{'height': 1080, 'html_attributions': ['<a href=""https://maps.google.com/maps/contrib/111488620447790304922"">La Vita è Bella</a>'], 'photo_reference': 'Aap_uEDPtaCtNl2PGJj6hDD7fNv8MaVx4sQDMdBIb5-Jn6RG_qGjrUqRqD-YycQCaINne7yLnwOwGa0G-IEdUA7z9cCwYYJlburigXT1CjoZx9d6f6w4lEcHNXtfOlZkJ3DONeQWX744o9tqy1CBlT3NgHpRLI25D-JAdMjuwycCRi28gN1s', 'width': 1920}]",ChIJX2Lsrnk0GQ0RqJN91HNPt80,"{'compound_code': 'PV67+57 Lisbon, Portugal', 'global_code': '8CCGPV67+57'}",3.9,ChIJX2Lsrnk0GQ0RqJN91HNPt80,GOOGLE,"['restaurant', 'food', 'point_of_interest', 'establishment']",949,"Rua da Prata 115, Lisboa",2.0,,https://google.com/maps/place/?q=place_id:ChIJX2Lsrnk0GQ0RqJN91HNPt80
55,OPERATIONAL,"{'location': {'lat': 38.7111993, 'lng': -9.131323}, 'viewport': {'northeast': {'lat': 38.71257483029149, 'lng': -9.129997319708497}, 'southwest': {'lat': 38.70987686970849, 'lng': -9.132695280291502}}}",https://maps.gstatic.com/mapfiles/place_api/icons/v1/png_71/restaurant-71.png,#FF9E67,https://maps.gstatic.com/mapfiles/place_api/icons/v2/restaurant_pinlet,Audrey´s,{'open_now': True},"[{'height': 1667, 'html_attributions': ['<a href=""https://maps.google.com/maps/contrib/110732802761100251401"">Audrey´s</a>'], 'photo_reference': 'Aap_uEDtOp11-9aBrncf5cNsCpTBT70E6rj5EBPNSAVFguvSiqkKe3tvp9c_bGk59MwXGj3kt1_qC4GzEYDFnksb27CzmsTTcAi_fgT-Zc7P0cu-fthmqdsKvWuGdCmfOAeCN6eAAzux3cQcbrjMrSENi98C7cxD8Vao9lYRdfSCZFO6Ikr8', 'width': 2500}]",ChIJ06do_3Y0GQ0R8emmDmavA78,"{'compound_code': 'PV69+FF Lisbon, Portugal', 'global_code': '8CCGPV69+FF'}",4.4,ChIJ06do_3Y0GQ0R8emmDmavA78,GOOGLE,"['restaurant', 'cafe', 'bar', 'food', 'point_of_interest', 'establishment']",541,"Rua de Santiago 13, Lisboa",2.0,,https://google.com/maps/place/?q=place_id:ChIJ06do_3Y0GQ0R8emmDmavA78
56,OPERATIONAL,"{'location': {'lat': 38.710355, 'lng': -9.137042}, 'viewport': {'northeast': {'lat': 38.7117138302915, 'lng': -9.135713869708496}, 'southwest': {'lat': 38.7090158697085, 'lng': -9.138411830291501}}}",https://maps.gstatic.com/mapfiles/place_api/icons/v1/png_71/restaurant-71.png,#FF9E67,https://maps.gstatic.com/mapfiles/place_api/icons/v2/restaurant_pinlet,Tapas n´Friends São Nicolau,{'open_now': True},"[{'height': 1080, 'html_attributions': ['<a href=""https://maps.google.com/maps/contrib/113289719543561167610"">Tapas n´Friends São Nicolau</a>'], 'photo_reference': 'Aap_uEBt4-y8NYUI8FJtv6Jd4KWWIdvVbjExhNUu1Y2KXKLHayhY7sG453VKlfeLV-oC3E1GblRFtqxaqhl52Z4aXsWc7DzfErTm9F3JLqCU-sn2r_NdnjpDgJ2bBUi8YZaEhSUL2Mo3tA6BCl6sv1Dct6CokgSAKYQs9oNfhwFbF51wxs0k', 'width': 1920}]",ChIJM_y-qHk0GQ0RskQ7npnUGAM,"{'compound_code': 'PV67+45 Lisbon, Portugal', 'global_code': '8CCGPV67+45'}",3.8,ChIJM_y-qHk0GQ0RskQ7npnUGAM,GOOGLE,"['restaurant', 'food', 'point_of_interest', 'establishment']",694,"Rua de São Nicolau 49, Lisboa",2.0,,https://google.com/maps/place/?q=place_id:ChIJM_y-qHk0GQ0RskQ7npnUGAM
57,OPERATIONAL,"{'location': {'lat': 38.71104339999999, 'lng': -9.130424}, 'viewport': {'northeast': {'lat': 38.71239238029151, 'lng': -9.129075019708498}, 'southwest': {'lat': 38.70969441970851, 'lng': -9.131772980291503}}}",https://maps.gstatic.com/mapfiles/place_api/icons/v1/png_71/restaurant-71.png,#FF9E67,https://maps.gstatic.com/mapfiles/place_api/icons/v2/restaurant_pinlet,Pastel do Fado,{'open_now': True},"[{'height': 2667, 'html_attributions': ['<a href=""https://maps.google.com/maps/contrib/111638669243800356574"">Pastel do Fado</a>'], 'photo_reference': 'Aap_uEAXQp7bV_buzesTdNiq_QVkigz1wcIeXne5D3vrlNRcHWPnrH6ddLyEh2hNioBETlL6KoGNq6B898jEp0z1tNE_hofE-d2W-RfJ_fbCfNNAHlFUPbEPKpz01xvlcfmmyRJcFXWBAA5ZG1APhXboxenAemwgbi_hc3YiuCdQV11fFYTn', 'width': 4000}]",ChIJIzJj8XY0GQ0RrOpCDca9lFA,"{'compound_code': 'PV69+CR Lisbon, Portugal', 'global_code': '8CCGPV69+CR'}",3.6,ChIJIzJj8XY0GQ0RrOpCDca9lFA,GOOGLE,"['restaurant', 'food', 'point_of_interest', 'establishment']",431,"Rua Limoeiro 10, Lisboa",,,https://google.com/maps/place/?q=place_id:ChIJIzJj8XY0GQ0RrOpCDca9lFA
58,OPERATIONAL,"{'location': {'lat': 38.71053070000001, 'lng': -9.1294872}, 'viewport': {'northeast': {'lat': 38.7118796802915, 'lng': -9.128138219708497}, 'southwest': {'lat': 38.7091817197085, 'lng': -9.130836180291501}}}",https://maps.gstatic.com/mapfiles/place_api/icons/v1/png_71/bar-71.png,#FF9E67,https://maps.gstatic.com/mapfiles/place_api/icons/v2/bar_pinlet,Medrosa d'Alfama,{'open_now': True},"[{'height': 1080, 'html_attributions': ['<a href=""https://maps.google.com/maps/contrib/109586355909958727216"">Medrosa d&#39;Alfama</a>'], 'photo_reference': 'Aap_uEBgO1OC_RZgLdpgFoJd2Q1AWCdflFhWPrgz-R050T0nsN7c50S6VtOsSSTKKzs2itqLweV0cavWig92Hw6hTgpaWjHfoG-vkb4zmz1HSe7L4z24ZqhfSSmcEgFwkS336cTvuwuZmzCAPOXVW3qKoFVUq0QMpzTYV2fOiKdbyw-Ofhqq', 'width': 1919}]",ChIJmRxkmXY0GQ0RMNBdZL-7xPs,"{'compound_code': 'PV6C+66 Lisbon, Portugal', 'global_code': '8CCGPV6C+66'}",4.3,ChIJmRxkmXY0GQ0RMNBdZL-7xPs,GOOGLE,"['bar', 'restaurant', 'food', 'point_of_interest', 'establishment']",470,"Largo de São Rafael 6, Lisboa",2.0,,https://google.com/maps/place/?q=place_id:ChIJmRxkmXY0GQ0RMNBdZL-7xPs
59,OPERATIONAL,"{'location': {'lat': 38.710248, 'lng': -9.137453299999999}, 'viewport': {'northeast': {'lat': 38.7115712302915, 'lng': -9.136352519708499}, 'southwest': {'lat': 38.7088732697085, 'lng': -9.139050480291504}}}",https://maps.gstatic.com/mapfiles/place_api/icons/v1/png_71/restaurant-71.png,#FF9E67,https://maps.gstatic.com/mapfiles/place_api/icons/v2/restaurant_pinlet,Casa Portuguesa do Pastel de Bacalhau,{'open_now': True},"[{'height': 1293, 'html_attributions': ['<a href=""https://maps.google.com/maps/contrib/102310126330311462271"">Michael Uzmann</a>'], 'photo_reference': 'Aap_uECOJbff0J5Kz8iBFhHf7I-nG1WHKVUwLLS5-7DrizLaDD34TYQT12IeJFvYf4Iqubmuye86qd9AMvx2csO3ys4oeiLeqsbCz9BzbQZCcIBH03VxUwyqRSqkCXCX7xyeyKUdcxQOLlO5i7nUwgj_9VP5flRZpSlHaOL_jmeiac4qRWli', 'width': 1647}]",ChIJqTFtCHk0GQ0RgiApy5px7-4,"{'compound_code': 'PV67+32 Lisbon, Portugal', 'global_code': '8CCGPV67+32'}",4.2,ChIJqTFtCHk0GQ0RgiApy5px7-4,GOOGLE,"['restaurant', 'food', 'point_of_interest', 'establishment']",6939,"Rua Augusta 106, Lisboa",2.0,,https://google.com/maps/place/?q=place_id:ChIJqTFtCHk0GQ0RgiApy5px7-4
